iterations;bestCost;meanCost;deviation
50;1211990;1.23176e+06;11426.9
100;1192340;1.23262e+06;12719.5
150;1192340;1.23218e+06;12296.4
200;1189150;1.23153e+06;13637
250;1189150;1.23154e+06;13517.5
300;1189150;1.23157e+06;13367.2
350;1189150;1.23165e+06;13467.9
400;1189150;1.23161e+06;13350.9
