iterations;bestCost;meanCost;deviation
50;1201034;1.20543e+06;8145.96
100;1200814;1.20243e+06;5158.77
150;1198134;1.20074e+06;4121.26
200;1198134;1.1997e+06;3438.14
250;1195948;1.19906e+06;2984.66
300;1184956;1.19585e+06;6230.18
350;1184956;1.19312e+06;7165.91
400;1184956;1.19131e+06;7174.29
